actual_price,discounted_price,discount_percentage,count
ג‚¹499,199.0,60%,14
ג‚¹999,199.0,80%,14
ג‚¹999,349.0,65%,11
ג‚¹999,399.0,60%,8
ג‚¹799,299.0,63%,7
"ג‚¹1,099",399.0,64%,7
ג‚¹999,299.0,70%,7
ג‚¹999,499.0,50%,6
"ג‚¹1,299",499.0,62%,6
ג‚¹999,99.0,90%,5
"ג‚¹1,999",970.0,51%,5
ג‚¹599,299.0,50%,5
ג‚¹349,199.0,43%,5
ג‚¹700,219.0,69%,5
"ג‚¹19,999",1799.0,91%,5
"ג‚¹1,999",799.0,60%,5
ג‚¹999,599.0,40%,4
ג‚¹499,179.0,64%,4
ג‚¹999,449.0,55%,4
ג‚¹399,149.0,63%,4
ג‚¹499,209.0,58%,4
"ג‚¹19,499",13999.0,28%,4
"ג‚¹6,990",1499.0,79%,4
"ג‚¹7,990",1999.0,75%,4
ג‚¹199,59.0,70%,4
"ג‚¹1,599",999.0,38%,4
ג‚¹999,649.0,35%,4
"ג‚¹1,999",399.0,80%,4
"ג‚¹1,199",299.0,75%,4
"ג‚¹1,900",899.0,53%,4
"ג‚¹1,999",899.0,55%,4
ג‚¹399,179.0,55%,4
ג‚¹399,249.0,38%,4
"ג‚¹2,199",499.0,77%,3
"ג‚¹24,999",13999.0,44%,3
"ג‚¹20,999",16999.0,19%,3
ג‚¹999,549.0,45%,3
"ג‚¹1,999",1299.0,35%,3
ג‚¹100,90.0,10%,3
"ג‚¹2,100",799.0,62%,3
"ג‚¹17,999",12999.0,28%,3
ג‚¹299,229.0,23%,3
ג‚¹299,119.0,60%,3
"ג‚¹11,999",8999.0,25%,3
"ג‚¹1,099",379.0,66%,3
"ג‚¹1,299",349.0,73%,3
"ג‚¹2,899",999.0,66%,3
"ג‚¹18,999",12999.0,32%,3
ג‚¹699,199.0,72%,3
ג‚¹499,176.63,65%,3
ג‚¹399,154.0,61%,3
ג‚¹399,199.0,50%,3
ג‚¹399,159.0,60%,3
ג‚¹499,249.0,50%,3
ג‚¹499,279.0,44%,3
ג‚¹499,299.0,40%,3
"ג‚¹5,999",2499.0,58%,3
ג‚¹339,154.0,55%,3
ג‚¹599,349.0,42%,3
ג‚¹599,599.0,0%,3
ג‚¹399,349.0,13%,3
"ג‚¹3,999",1799.0,55%,3
ג‚¹699,263.0,62%,3
ג‚¹699,299.0,57%,3
ג‚¹699,329.0,53%,3
ג‚¹499,99.0,80%,3
"ג‚¹7,990",2999.0,62%,3
"ג‚¹7,999",1499.0,81%,3
"ג‚¹1,599",1299.0,19%,3
ג‚¹799,179.0,78%,3
"ג‚¹1,799",970.0,46%,3
ג‚¹799,499.0,38%,3
"ג‚¹8,999",6499.0,28%,3
ג‚¹899,349.0,61%,3
"ג‚¹9,999",1999.0,80%,3
"ג‚¹9,999",2199.0,78%,3
"ג‚¹1,999",949.0,53%,3
ג‚¹499,115.0,77%,3
ג‚¹999,249.0,75%,3
"ג‚¹2,999",1499.0,50%,3
"ג‚¹1,000",149.0,85%,3
"ג‚¹1,899",1099.0,42%,3
ג‚¹999,379.0,62%,3
ג‚¹899,350.0,61%,3
"ג‚¹1,630",1399.0,14%,2
"ג‚¹2,499",1049.0,58%,2
ג‚¹160,157.0,2%,2
"ג‚¹29,999",21999.0,27%,2
"ג‚¹1,399",599.0,57%,2
"ג‚¹11,999",9499.0,21%,2
"ג‚¹1,995",1495.0,25%,2
"ג‚¹24,999",4999.0,80%,2
"ג‚¹1,490",664.0,55%,2
"ג‚¹24,999",16999.0,32%,2
"ג‚¹3,500",1499.0,57%,2
"ג‚¹18,999",15499.0,18%,2
"ג‚¹3,999",1499.0,63%,2
"ג‚¹3,999",1599.0,60%,2
ג‚¹999,333.0,67%,2
"ג‚¹20,990",15490.0,26%,2
ג‚¹349,154.0,56%,2
"ג‚¹2,199",1149.0,48%,2
ג‚¹39,39.0,0%,2
ג‚¹395,199.0,50%,2
ג‚¹120,120.0,0%,2
"ג‚¹1,499",299.0,80%,2
"ג‚¹1,999",549.0,73%,2
"ג‚¹1,499",348.0,77%,2
ג‚¹999,699.0,30%,2
"ג‚¹1,499",349.0,77%,2
ג‚¹399,299.0,25%,2
"ג‚¹1,499",379.0,75%,2
"ג‚¹4,999",1499.0,70%,2
"ג‚¹4,999",1599.0,68%,2
"ג‚¹4,999",1999.0,60%,2
"ג‚¹4,999",2499.0,50%,2
"ג‚¹42,999",26999.0,37%,2
ג‚¹499,95.0,81%,2
"ג‚¹1,499",399.0,73%,2
"ג‚¹3,990",799.0,80%,2
ג‚¹499,149.0,70%,2
"ג‚¹1,699",1324.0,22%,2
"ג‚¹1,999",599.0,70%,2
"ג‚¹1,099",389.0,65%,2
"ג‚¹1,999",649.0,68%,2
"ג‚¹2,199",1199.0,45%,2
ג‚¹250,250.0,0%,2
ג‚¹499,293.0,41%,2
"ג‚¹20,999",15499.0,26%,2
"ג‚¹5,999",1299.0,78%,2
"ג‚¹5,999",2099.0,65%,2
"ג‚¹1,499",719.0,52%,2
"ג‚¹5,999",2998.0,50%,2
ג‚¹599,249.0,58%,2
"ג‚¹2,499",1799.0,28%,2
"ג‚¹1,499",1099.0,27%,2
"ג‚¹28,999",28999.0,0%,2
"ג‚¹6,295",3249.0,48%,2
"ג‚¹1,199",699.0,42%,2
"ג‚¹6,990",1799.0,74%,2
"ג‚¹6,999",2599.0,63%,2
ג‚¹666.66,99.0,85%,2
ג‚¹695,209.0,70%,2
"ג‚¹1,999",999.0,50%,2
ג‚¹200,116.0,42%,2
"ג‚¹1,208",507.0,58%,2
"ג‚¹14,999",10999.0,27%,2
ג‚¹699,349.0,50%,2
ג‚¹699,368.0,47%,2
ג‚¹699,399.0,43%,2
"ג‚¹1,999",1599.0,20%,2
"ג‚¹7,990",2299.0,71%,2
"ג‚¹21,990",13490.0,39%,2
"ג‚¹1,899",199.0,90%,2
"ג‚¹1,899",499.0,74%,2
ג‚¹750,199.0,73%,2
ג‚¹149,149.0,0%,2
"ג‚¹1,290",399.0,69%,2
ג‚¹799,399.0,50%,2
"ג‚¹19,999",13999.0,30%,2
ג‚¹249,139.0,44%,2
ג‚¹800,99.0,88%,2
ג‚¹800,269.0,66%,2
ג‚¹845,329.0,61%,2
ג‚¹849,599.0,29%,2
ג‚¹899,299.0,67%,2
"ג‚¹1,299",325.0,75%,2
"ג‚¹2,990",1399.0,53%,2
ג‚¹899,399.0,56%,2
ג‚¹899,499.0,44%,2
ג‚¹899,599.0,33%,2
"ג‚¹9,999",1998.0,80%,2
"ג‚¹29,990",20999.0,30%,2
"ג‚¹1,599",699.0,56%,2
"ג‚¹9,999",2499.0,75%,2
"ג‚¹9,999",2999.0,70%,2
"ג‚¹9,999",5999.0,40%,2
ג‚¹99,99.0,0%,2
"ג‚¹1,299",599.0,54%,2
ג‚¹999,120.0,88%,2
ג‚¹999,139.0,86%,2
ג‚¹999,149.0,85%,2
"ג‚¹15,999",13999.0,13%,2
"ג‚¹22,900",13490.0,41%,2
ג‚¹299,199.0,33%,2
ג‚¹999,329.0,67%,2
"ג‚¹1,000",569.0,43%,2
"ג‚¹1,600",369.0,77%,2
ג‚¹999,339.0,66%,2
"ג‚¹2,999",1999.0,33%,2
"ג‚¹2,000",1199.0,40%,2
"ג‚¹16,999",3999.0,76%,2
"ג‚¹1,500",354.0,76%,1
"ג‚¹1,500",475.0,68%,1
"ג‚¹1,500",609.0,59%,1
"ג‚¹1,500",689.0,54%,1
"ג‚¹1,500",799.0,47%,1
"ג‚¹1,500",999.0,33%,1
"ג‚¹1,500",1099.0,27%,1
"ג‚¹1,500",1500.0,0%,1
"ג‚¹1,545",809.0,48%,1
"ג‚¹1,545",1321.0,14%,1
"ג‚¹1,547",770.0,50%,1
"ג‚¹1,549",1399.0,10%,1
"ג‚¹1,560",999.0,36%,1
"ג‚¹1,595",699.0,56%,1
"ג‚¹1,599",235.0,85%,1
"ג‚¹1,599",469.0,71%,1
"ג‚¹1,599",539.0,66%,1
"ג‚¹1,599",784.0,51%,1
"ג‚¹1,599",899.0,44%,1
"ג‚¹1,599",950.0,41%,1
"ג‚¹1,599",1110.0,31%,1
"ג‚¹1,599",1234.0,23%,1
"ג‚¹1,600",649.0,59%,1
"ג‚¹1,600",1089.0,32%,1
"ג‚¹1,620",948.0,41%,1
"ג‚¹1,639",1409.0,14%,1
"ג‚¹1,645",1295.0,21%,1
"ג‚¹1,650",729.0,56%,1
"ג‚¹1,650",1464.0,11%,1
"ג‚¹1,690",699.0,59%,1
"ג‚¹1,690",1199.0,29%,1
"ג‚¹1,695",1199.0,29%,1
"ג‚¹1,695",1490.0,12%,1
"ג‚¹1,695",1695.0,0%,1
"ג‚¹1,699",799.0,53%,1
"ג‚¹1,699",873.0,49%,1
"ג‚¹1,699",999.0,41%,1
"ג‚¹1,699",1049.0,38%,1
"ג‚¹1,699",1069.0,37%,1
"ג‚¹1,699",1075.0,37%,1
"ג‚¹1,699",1149.0,32%,1
"ג‚¹1,699",1219.0,28%,1
"ג‚¹1,699",1260.0,26%,1
"ג‚¹1,700",799.0,53%,1
"ג‚¹1,745",1614.0,8%,1
"ג‚¹1,749",799.0,54%,1
"ג‚¹1,750",1345.0,23%,1
"ג‚¹1,775",1499.0,16%,1
"ג‚¹1,790",1052.0,41%,1
"ג‚¹1,795",1099.0,39%,1
"ג‚¹1,795",1199.0,33%,1
"ג‚¹1,795",1295.0,28%,1
"ג‚¹1,799",474.0,74%,1
"ג‚¹1,799",549.0,69%,1
"ג‚¹1,799",749.0,58%,1
"ג‚¹1,799",1595.0,11%,1
"ג‚¹1,800",599.0,67%,1
"ג‚¹1,800",899.0,50%,1
"ג‚¹1,800",939.0,48%,1
"ג‚¹1,800",959.0,47%,1
"ג‚¹1,800",1149.0,36%,1
"ג‚¹1,809",849.0,53%,1
"ג‚¹1,850",1349.0,27%,1
"ג‚¹1,890",1399.0,26%,1
"ג‚¹1,899",599.0,68%,1
"ג‚¹1,899",699.0,63%,1
"ג‚¹1,899",1149.0,39%,1
"ג‚¹1,899",1199.0,37%,1
"ג‚¹1,899",1519.0,20%,1
"ג‚¹1,900",299.0,84%,1
"ג‚¹1,900",1199.0,37%,1
"ג‚¹1,900",1699.0,11%,1
"ג‚¹1,920",1099.0,43%,1
"ג‚¹1,929",1187.0,38%,1
"ג‚¹1,949",398.0,80%,1
"ג‚¹1,950",809.0,59%,1
"ג‚¹1,950",999.0,49%,1
"ג‚¹1,950",1049.0,46%,1
"ג‚¹1,950",1199.0,39%,1
"ג‚¹1,950",1799.0,8%,1
"ג‚¹1,975",1699.0,14%,1
"ג‚¹1,989",799.0,60%,1
"ג‚¹1,990",899.0,55%,1
"ג‚¹1,990",1099.0,45%,1
"ג‚¹1,990",1490.0,25%,1
"ג‚¹1,995",798.0,60%,1
"ג‚¹1,995",999.0,50%,1
"ג‚¹1,999",199.0,90%,1
"ג‚¹1,999",281.0,86%,1
"ג‚¹1,999",339.0,83%,1
"ג‚¹1,999",349.0,83%,1
"ג‚¹1,999",398.0,80%,1
"ג‚¹1,999",479.0,76%,1
"ג‚¹1,999",486.0,76%,1
"ג‚¹1,999",489.0,76%,1
"ג‚¹1,999",499.0,75%,1
"ג‚¹1,999",689.0,66%,1
"ג‚¹1,999",709.0,65%,1
"ג‚¹1,999",759.0,62%,1
"ג‚¹1,999",789.0,61%,1
"ג‚¹1,999",790.0,60%,1
"ג‚¹1,999",889.0,56%,1
"ג‚¹1,999",979.0,51%,1
"ג‚¹1,999",1099.0,45%,1
"ג‚¹1,999",1199.0,40%,1
"ג‚¹1,999",1439.0,28%,1
"ג‚¹1,999",1499.0,25%,1
"ג‚¹1,999",1679.0,16%,1
"ג‚¹1,999",1699.0,15%,1
"ג‚¹10,295",3859.0,63%,1
"ג‚¹10,400",6199.0,40%,1
"ג‚¹10,590",6999.0,34%,1
"ג‚¹10,900",7349.0,33%,1
"ג‚¹10,995",6790.0,38%,1
"ג‚¹10,999",6199.0,44%,1
"ג‚¹10,999",8499.0,23%,1
ג‚¹100,100.0,0%,1
"ג‚¹11,000",5699.0,48%,1
"ג‚¹11,495",5999.0,48%,1
"ג‚¹11,500",5499.0,52%,1
"ג‚¹11,500",6800.0,41%,1
"ג‚¹11,595",8799.0,24%,1
"ג‚¹11,850",8886.0,25%,1
"ג‚¹11,990",6850.0,43%,1
"ג‚¹11,995",8799.0,27%,1
"ג‚¹11,999",2999.0,75%,1
"ג‚¹11,999",7998.0,33%,1
"ג‚¹11,999",8499.0,29%,1
"ג‚¹12,150",9799.0,19%,1
"ג‚¹12,499",4999.0,60%,1
"ג‚¹12,500",7799.0,38%,1
"ג‚¹12,999",6999.0,46%,1
"ג‚¹12,999",8499.0,35%,1
"ג‚¹12,999",9970.0,23%,1
"ג‚¹12,999",9999.0,23%,1
ג‚¹120,114.0,5%,1
"ג‚¹13,049",8699.0,33%,1
"ג‚¹13,150",5499.0,58%,1
"ג‚¹13,499",8999.0,33%,1
"ג‚¹13,499",10499.0,22%,1
"ג‚¹13,499",12999.0,4%,1
"ג‚¹13,750",6299.0,54%,1
"ג‚¹13,999",6549.0,53%,1
"ג‚¹14,290",6990.0,51%,1
"ג‚¹14,990",7999.0,47%,1
"ג‚¹14,999",6999.0,53%,1
"ג‚¹14,999",14999.0,0%,1
"ג‚¹15,270",6299.0,59%,1
"ג‚¹15,990",4790.0,70%,1
"ג‚¹15,990",9490.0,41%,1
"ג‚¹15,990",12490.0,22%,1
"ג‚¹15,999",7999.0,50%,1
"ג‚¹15,999",8499.0,47%,1
"ג‚¹15,999",9590.0,40%,1
"ג‚¹15,999",12999.0,19%,1
ג‚¹150,150.0,0%,1
"ג‚¹16,000",8199.0,49%,1
"ג‚¹16,490",8499.0,48%,1
"ג‚¹16,899",8699.0,49%,1
"ג‚¹16,990",6999.0,59%,1
ג‚¹160,137.0,14%,1
ג‚¹165,130.0,21%,1
ג‚¹165,165.0,0%,1
"ג‚¹17,999",3999.0,78%,1
ג‚¹171,99.0,42%,1
ג‚¹175,90.0,49%,1
"ג‚¹18,000",9199.0,49%,1
"ג‚¹18,990",8990.0,53%,1
"ג‚¹18,990",9495.0,50%,1
"ג‚¹18,999",8999.0,53%,1
ג‚¹180,125.0,31%,1
ג‚¹180,149.0,17%,1
ג‚¹180,159.0,12%,1
"ג‚¹19,110",10099.0,47%,1
"ג‚¹19,125",7299.0,62%,1
"ג‚¹19,499",10499.0,46%,1
"ג‚¹19,825",12499.0,37%,1
"ג‚¹19,990",5395.0,73%,1
"ג‚¹19,990",10990.0,45%,1
"ג‚¹19,990",11499.0,42%,1
"ג‚¹19,999",14999.0,25%,1
ג‚¹199,57.89,71%,1
ג‚¹199,85.0,57%,1
ג‚¹199,177.0,11%,1
"ג‚¹2,000",899.0,55%,1
"ג‚¹2,000",949.0,53%,1
"ג‚¹2,000",999.0,50%,1
"ג‚¹2,095",1849.0,12%,1
"ג‚¹2,095",2095.0,0%,1
"ג‚¹2,099",1665.0,21%,1
"ג‚¹2,100",999.0,52%,1
"ג‚¹2,100",1499.0,29%,1
"ג‚¹2,198",1349.0,39%,1
"ג‚¹2,199",929.0,58%,1
"ג‚¹2,199",1409.0,36%,1
"ג‚¹2,199",1499.0,32%,1
"ג‚¹2,199",2049.0,7%,1
"ג‚¹2,290",1399.0,39%,1
"ג‚¹2,295",1345.0,41%,1
"ג‚¹2,295",1490.0,35%,1
"ג‚¹2,299",917.0,60%,1
"ג‚¹2,299",949.0,59%,1
"ג‚¹2,299",1049.0,54%,1
"ג‚¹2,299",1249.0,46%,1
"ג‚¹2,299",1260.0,45%,1
"ג‚¹2,300",1498.0,35%,1
"ג‚¹2,349",1449.0,38%,1
"ג‚¹2,360",1999.0,15%,1
"ג‚¹2,380",1804.0,24%,1
"ג‚¹2,385",949.0,60%,1
"ג‚¹2,399",999.0,58%,1
"ג‚¹2,399",1529.0,36%,1
"ג‚¹2,400",649.0,73%,1
"ג‚¹2,400",1099.0,54%,1
"ג‚¹2,400",1189.0,50%,1
"ג‚¹2,400",1199.0,50%,1
"ג‚¹2,400",1745.0,27%,1
"ג‚¹2,400",1959.0,18%,1
"ג‚¹2,485",1400.0,44%,1
"ג‚¹2,490",849.0,66%,1
"ג‚¹2,490",999.0,60%,1
"ג‚¹2,490",1399.0,44%,1
"ג‚¹2,490",1819.0,27%,1
"ג‚¹2,495",1299.0,48%,1
"ג‚¹2,495",1349.0,46%,1
"ג‚¹2,495",1549.0,38%,1
"ג‚¹2,495",1624.0,35%,1
"ג‚¹2,498",1399.0,44%,1
"ג‚¹2,499",549.0,78%,1
"ג‚¹2,499",599.0,76%,1
"ג‚¹2,499",649.0,74%,1
"ג‚¹2,499",900.0,64%,1
"ג‚¹2,499",999.0,60%,1
"ג‚¹2,499",1149.0,54%,1
"ג‚¹2,499",1199.0,52%,1
"ג‚¹2,499",1289.0,48%,1
"ג‚¹2,499",1299.0,48%,1
"ג‚¹2,499",1399.0,44%,1
"ג‚¹2,499",1469.0,41%,1
"ג‚¹2,499",1484.0,41%,1
"ג‚¹2,499",1499.0,40%,1
"ג‚¹2,499",1999.0,20%,1
"ג‚¹2,499",2099.0,16%,1
"ג‚¹2,500",889.0,64%,1
"ג‚¹2,500",1290.0,48%,1
"ג‚¹2,545",2439.0,4%,1
"ג‚¹2,550",1190.0,53%,1
"ג‚¹2,590",1928.0,26%,1
"ג‚¹2,595",1990.0,23%,1
"ג‚¹2,599",1599.0,38%,1
"ג‚¹2,599",1799.0,31%,1
"ג‚¹2,600",999.0,62%,1
"ג‚¹2,660",1399.0,47%,1
"ג‚¹2,695",1656.0,39%,1
"ג‚¹2,695",2695.0,0%,1
"ג‚¹2,699",1889.0,30%,1
"ג‚¹2,790",1599.0,43%,1
"ג‚¹2,796",1249.0,55%,1
"ג‚¹2,799",575.0,79%,1
"ג‚¹2,799",599.0,79%,1
"ג‚¹2,799",1414.0,49%,1
"ג‚¹2,800",1109.0,60%,1
"ג‚¹2,800",1649.0,41%,1
"ג‚¹2,890",1439.0,50%,1
"ג‚¹2,890",1547.0,46%,1
"ג‚¹2,895",1995.0,31%,1
"ג‚¹2,900",1329.0,54%,1
"ג‚¹2,900",1599.0,45%,1
"ג‚¹2,911",1799.0,38%,1
"ג‚¹2,990",1199.0,60%,1
"ג‚¹2,990",1299.0,57%,1
"ג‚¹2,990",1598.0,47%,1
"ג‚¹2,990",2199.0,26%,1
"ג‚¹2,995",1182.0,61%,1
"ג‚¹2,995",1625.0,46%,1
"ג‚¹2,999",547.0,82%,1
"ג‚¹2,999",799.0,73%,1
"ג‚¹2,999",998.0,67%,1
"ג‚¹2,999",1090.0,64%,1
"ג‚¹2,999",1199.0,60%,1
"ג‚¹2,999",1299.0,57%,1
"ג‚¹2,999",1349.0,55%,1
"ג‚¹2,999",1369.0,54%,1
"ג‚¹2,999",1399.0,53%,1
"ג‚¹2,999",1448.0,52%,1
"ג‚¹2,999",1529.0,49%,1
"ג‚¹2,999",1565.0,48%,1
"ג‚¹2,999",1599.0,47%,1
"ג‚¹2,999",1699.0,43%,1
"ג‚¹2,999",1990.0,34%,1
"ג‚¹2,999",2499.0,17%,1
"ג‚¹2,999",2599.0,13%,1
"ג‚¹20,000",7390.0,63%,1
"ג‚¹20,049",4995.0,75%,1
"ג‚¹20,900",15490.0,26%,1
"ג‚¹20,990",16499.0,21%,1
"ג‚¹20,999",16499.0,21%,1
"ג‚¹21,990",17999.0,18%,1
"ג‚¹21,999",15999.0,27%,1
ג‚¹210,178.0,15%,1
"ג‚¹22,990",12499.0,46%,1
ג‚¹220,190.0,14%,1
ג‚¹225,191.0,15%,1
ג‚¹225,225.0,0%,1
"ג‚¹23,559",14499.0,38%,1
"ג‚¹23,990",15990.0,33%,1
"ג‚¹23,999",12609.0,47%,1
ג‚¹230,200.0,13%,1
ג‚¹230,230.0,0%,1
ג‚¹237,217.0,8%,1
ג‚¹239,239.0,0%,1
"ג‚¹24,500",15999.0,35%,1
"ג‚¹24,850",13999.0,44%,1
"ג‚¹24,990",18999.0,24%,1
"ג‚¹24,999",19999.0,20%,1
ג‚¹249,129.0,48%,1
ג‚¹249,149.0,40%,1
ג‚¹249,219.0,12%,1
"ג‚¹25,999",16999.0,35%,1
"ג‚¹25,999",18499.0,29%,1
ג‚¹250,225.0,10%,1
"ג‚¹26,999",20999.0,22%,1
ג‚¹260,231.0,11%,1
"ג‚¹27,990",9999.0,64%,1
"ג‚¹27,990",19999.0,29%,1
"ג‚¹28,900",13990.0,52%,1
"ג‚¹28,999",22999.0,21%,1
"ג‚¹29,999",12000.0,60%,1
"ג‚¹29,999",18999.0,37%,1
ג‚¹299,39.0,87%,1
ג‚¹299,69.0,77%,1
ג‚¹299,88.0,71%,1
ג‚¹299,139.0,54%,1
ג‚¹299,160.0,46%,1
ג‚¹299,169.0,43%,1
ג‚¹299,179.0,40%,1
ג‚¹299,189.0,37%,1
ג‚¹299,245.0,18%,1
"ג‚¹3,000",1299.0,57%,1
"ג‚¹3,045",2199.0,28%,1
"ג‚¹3,045",2280.0,25%,1
"ג‚¹3,080",2219.0,28%,1
"ג‚¹3,098",1563.0,50%,1
"ג‚¹3,099",2079.0,33%,1
"ג‚¹3,100",1815.0,41%,1
"ג‚¹3,100",1990.0,36%,1
"ג‚¹3,190",1456.0,54%,1
"ג‚¹3,190",2199.0,31%,1
"ג‚¹3,193",1699.0,47%,1
"ג‚¹3,195",2640.0,17%,1
"ג‚¹3,199",2669.0,17%,1
"ג‚¹3,210",1999.0,38%,1
"ג‚¹3,250",2099.0,35%,1
"ג‚¹3,279",2169.0,34%,1
"ג‚¹3,290",2320.0,29%,1
"ג‚¹3,295",1799.0,45%,1
"ג‚¹3,295",2595.0,21%,1
"ג‚¹3,295",2903.0,12%,1
"ג‚¹3,299",1799.0,45%,1
"ג‚¹3,299",2499.0,24%,1
"ג‚¹3,300",1982.84,40%,1
"ג‚¹3,300",1999.0,39%,1
"ג‚¹3,390",2449.0,28%,1
"ג‚¹3,398",1699.0,50%,1
"ג‚¹3,490",1199.0,66%,1
"ג‚¹3,490",1599.0,54%,1
"ג‚¹3,495",1699.0,51%,1
"ג‚¹3,499",899.0,74%,1
"ג‚¹3,499",1299.0,63%,1
"ג‚¹3,499",1519.0,57%,1
"ג‚¹3,499",1599.0,54%,1
"ג‚¹3,499",1699.0,51%,1
"ג‚¹3,499",2649.0,24%,1
"ג‚¹3,499",2799.0,20%,1
"ג‚¹3,500",1199.0,66%,1
"ג‚¹3,500",1299.0,63%,1
ג‚¹999,949.0,5%,1
"ג‚¹3,500",1792.0,49%,1
"ג‚¹3,500",1989.0,43%,1
"ג‚¹3,500",2699.0,23%,1
"ג‚¹3,500",3199.0,9%,1
"ג‚¹3,550",2249.0,37%,1
"ג‚¹3,595",1799.0,50%,1
"ג‚¹3,595",2999.0,17%,1
"ג‚¹3,599",1599.0,56%,1
"ג‚¹3,645",2148.0,41%,1
"ג‚¹3,690",2863.0,22%,1
"ג‚¹3,790",1899.0,50%,1
"ג‚¹3,799",2699.0,29%,1
"ג‚¹3,799",2799.0,26%,1
"ג‚¹3,875",3498.0,10%,1
"ג‚¹3,890",1601.0,59%,1
"ג‚¹3,895",2199.0,44%,1
"ג‚¹3,899",2237.81,43%,1
"ג‚¹3,945",2499.0,37%,1
"ג‚¹3,945",2698.0,32%,1
"ג‚¹3,945",2719.0,31%,1
"ג‚¹3,945",2976.0,25%,1
ג‚¹999,453.0,55%,1
"ג‚¹3,990",1199.0,70%,1
"ג‚¹3,990",1220.0,69%,1
"ג‚¹3,990",1399.0,65%,1
"ג‚¹3,990",1499.0,62%,1
"ג‚¹3,990",1999.0,50%,1
"ג‚¹3,990",2490.0,38%,1
"ג‚¹3,995",2742.0,31%,1
"ג‚¹3,995",3349.0,16%,1
"ג‚¹3,999",599.0,85%,1
"ג‚¹3,999",1059.0,74%,1
"ג‚¹3,999",1149.0,71%,1
"ג‚¹3,999",1434.0,64%,1
ג‚¹999,455.0,54%,1
ג‚¹999,475.0,52%,1
"ג‚¹3,999",1699.0,58%,1
ג‚¹999,570.0,43%,1
"ג‚¹3,999",1999.0,50%,1
"ג‚¹3,999",2179.0,46%,1
"ג‚¹3,999",2199.0,45%,1
"ג‚¹3,999",2299.0,43%,1
"ג‚¹3,999",2499.0,38%,1
"ג‚¹30,990",10901.0,65%,1
ג‚¹300,149.0,50%,1
ג‚¹300,161.0,46%,1
ג‚¹300,300.0,0%,1
"ג‚¹31,990",11990.0,63%,1
"ג‚¹31,999",24999.0,22%,1
ג‚¹310,310.0,0%,1
ג‚¹315,252.0,20%,1
ג‚¹315,266.0,16%,1
ג‚¹315,269.0,15%,1
"ג‚¹32,000",10389.0,68%,1
"ג‚¹32,999",23999.0,27%,1
ג‚¹320,272.0,15%,1
"ג‚¹33,999",33999.0,0%,1
ג‚¹999,571.0,43%,1
"ג‚¹34,990",21990.0,37%,1
"ג‚¹34,990",23999.0,31%,1
"ג‚¹34,999",19999.0,43%,1
"ג‚¹34,999",28999.0,17%,1
ג‚¹999,657.0,34%,1
ג‚¹999,778.0,22%,1
ג‚¹349,290.0,17%,1
"ג‚¹35,000",18999.0,46%,1
"ג‚¹35,999",24999.0,31%,1
ג‚¹350,260.0,26%,1
"ג‚¹37,999",26999.0,29%,1
ג‚¹375,279.0,26%,1
"ג‚¹38,999",34999.0,10%,1
ג‚¹389,379.0,3%,1
ג‚¹999,849.0,15%,1
"ג‚¹39,990",29990.0,25%,1
"ג‚¹39,999",29999.0,25%,1
ג‚¹999,445.0,55%,1
ג‚¹399,96.0,76%,1
"ג‚¹1,099",339.0,69%,1
"ג‚¹1,099",351.0,68%,1
"ג‚¹1,099",449.0,59%,1
"ג‚¹1,099",655.0,40%,1
ג‚¹399,193.0,52%,1
"ג‚¹1,100",499.0,55%,1
ג‚¹399,210.0,47%,1
ג‚¹399,229.0,43%,1
ג‚¹399,247.0,38%,1
"ג‚¹1,100",645.0,41%,1
"ג‚¹1,100",660.0,40%,1
ג‚¹399,328.0,18%,1
ג‚¹399,329.0,18%,1
"ג‚¹1,109",879.0,21%,1
ג‚¹399,399.0,0%,1
"ג‚¹4,000",1709.0,57%,1
"ג‚¹4,000",2089.0,48%,1
"ג‚¹4,000",2339.0,42%,1
"ג‚¹4,005",2899.0,28%,1
"ג‚¹4,100",3299.0,20%,1
"ג‚¹4,195",3190.0,24%,1
"ג‚¹4,199",999.0,76%,1
"ג‚¹4,200",2399.0,43%,1
"ג‚¹4,200",2590.0,38%,1
"ג‚¹4,290",2599.0,39%,1
"ג‚¹4,295",2033.0,53%,1
"ג‚¹4,295",3699.0,14%,1
"ג‚¹4,330",3710.0,14%,1
"ג‚¹4,332.96",3999.0,8%,1
"ג‚¹4,400",2599.0,41%,1
"ג‚¹4,490",1499.0,67%,1
"ג‚¹4,495",2286.0,49%,1
"ג‚¹4,495",3711.0,17%,1
"ג‚¹4,499",899.0,80%,1
"ג‚¹4,499",999.0,78%,1
"ג‚¹4,500",1850.0,59%,1
"ג‚¹4,560",2599.0,43%,1
"ג‚¹4,590",2399.0,48%,1
"ג‚¹4,600",2092.0,55%,1
"ג‚¹4,650",1474.0,68%,1
"ג‚¹4,699",3303.0,30%,1
"ג‚¹4,699",4699.0,0%,1
"ג‚¹4,700",1999.0,57%,1
"ג‚¹4,700",2699.0,43%,1
"ג‚¹4,775",1999.0,58%,1
"ג‚¹4,780",2599.0,46%,1
"ג‚¹4,799",3349.0,30%,1
"ג‚¹4,849",2949.0,39%,1
"ג‚¹4,890",2790.0,43%,1
"ג‚¹4,990",1799.0,64%,1
"ג‚¹4,990",3487.77,30%,1
"ג‚¹4,995",3299.0,34%,1
"ג‚¹4,999",294.0,94%,1
"ג‚¹4,999",598.0,88%,1
"ג‚¹4,999",849.0,83%,1
"ג‚¹4,999",1199.0,76%,1
"ג‚¹4,999",1449.0,71%,1
"ג‚¹1,111",749.0,33%,1
"ג‚¹1,129",749.0,34%,1
"ג‚¹4,999",1799.0,64%,1
"ג‚¹4,999",1898.0,62%,1
"ג‚¹1,130",1130.0,0%,1
"ג‚¹1,150",598.0,48%,1
"ג‚¹4,999",3199.0,36%,1
"ג‚¹4,999",4098.0,18%,1
"ג‚¹40,990",18990.0,54%,1
"ג‚¹40,990",27999.0,32%,1
ג‚¹400,199.0,50%,1
ג‚¹400,249.0,38%,1
ג‚¹400,299.0,25%,1
ג‚¹400,380.0,5%,1
ג‚¹404,309.0,24%,1
"ג‚¹1,190",399.0,66%,1
ג‚¹420,420.0,0%,1
"ג‚¹44,990",20990.0,53%,1
"ג‚¹44,999",32999.0,27%,1
ג‚¹440,440.0,0%,1
ג‚¹449,129.0,71%,1
ג‚¹449,299.0,33%,1
"ג‚¹45,999",32999.0,28%,1
ג‚¹450,184.0,59%,1
ג‚¹450,341.0,24%,1
ג‚¹450,349.0,22%,1
"ג‚¹47,900",32990.0,31%,1
"ג‚¹47,990",32999.0,31%,1
ג‚¹475,309.0,35%,1
ג‚¹485,299.0,38%,1
"ג‚¹49,990",30990.0,38%,1
"ג‚¹49,990",35999.0,28%,1
"ג‚¹49,999",31999.0,36%,1
"ג‚¹49,999",44999.0,10%,1
ג‚¹495,139.0,72%,1
ג‚¹495,199.0,60%,1
ג‚¹499,79.0,84%,1
ג‚¹499,89.0,82%,1
"ג‚¹1,190",616.0,48%,1
"ג‚¹1,190",849.0,29%,1
ג‚¹499,100.0,80%,1
"ג‚¹1,199",353.0,71%,1
ג‚¹499,119.0,76%,1
ג‚¹499,139.0,72%,1
"ג‚¹1,199",681.0,43%,1
ג‚¹499,175.0,65%,1
"ג‚¹1,199",799.0,33%,1
"ג‚¹1,199",899.0,25%,1
ג‚¹499,185.0,63%,1
ג‚¹499,195.0,61%,1
ג‚¹499,197.0,61%,1
"ג‚¹1,200",489.0,59%,1
ג‚¹499,205.0,59%,1
"ג‚¹1,200",498.0,59%,1
ג‚¹499,213.0,57%,1
ג‚¹499,215.0,57%,1
ג‚¹499,219.0,56%,1
ג‚¹499,225.0,55%,1
ג‚¹499,229.0,54%,1
ג‚¹499,230.0,54%,1
ג‚¹499,244.0,51%,1
"ג‚¹1,200",499.0,58%,1
"ג‚¹1,230",799.0,35%,1
ג‚¹499,287.0,42%,1
ג‚¹499,292.0,41%,1
"ג‚¹1,245",649.0,48%,1
ג‚¹499,298.0,40%,1
"ג‚¹1,245",749.0,40%,1
ג‚¹499,308.0,38%,1
ג‚¹499,330.0,34%,1
ג‚¹499,395.0,21%,1
ג‚¹499,399.0,20%,1
ג‚¹499,499.0,0%,1
"ג‚¹5,000",1969.0,61%,1
"ג‚¹5,000",2499.0,50%,1
"ג‚¹5,000",2699.0,46%,1
"ג‚¹5,156",3657.66,29%,1
"ג‚¹5,190",3569.0,31%,1
"ג‚¹5,295",3180.0,40%,1
"ג‚¹5,295",3229.0,39%,1
"ג‚¹5,299",3799.0,28%,1
"ג‚¹5,490",1890.0,66%,1
"ג‚¹5,495",3685.0,33%,1
"ג‚¹5,499",1199.0,78%,1
"ג‚¹5,499",1399.0,75%,1
"ג‚¹5,499",1889.0,66%,1
"ג‚¹5,500",2899.0,47%,1
"ג‚¹5,550",2088.0,62%,1
"ג‚¹5,734",4449.0,22%,1
"ג‚¹5,795",3499.0,40%,1
"ג‚¹5,795",4799.0,17%,1
"ג‚¹5,799",3290.0,43%,1
"ג‚¹5,890",2599.0,56%,1
"ג‚¹5,995",4280.0,29%,1
"ג‚¹5,999",1099.0,82%,1
"ג‚¹5,999",1199.0,80%,1
"ג‚¹1,249",899.0,28%,1
"ג‚¹5,999",1399.0,77%,1
"ג‚¹5,999",2025.0,66%,1
"ג‚¹1,249",1055.0,16%,1
"ג‚¹1,282",998.06,22%,1
"ג‚¹1,290",449.0,65%,1
"ג‚¹5,999",2999.0,50%,1
"ג‚¹5,999",3041.67,49%,1
"ג‚¹5,999",3199.0,47%,1
"ג‚¹5,999",4499.0,25%,1
ג‚¹50,50.0,0%,1
"ג‚¹50,000",24499.0,51%,1
"ג‚¹50,999",29999.0,41%,1
ג‚¹500,179.0,64%,1
ג‚¹500,253.0,49%,1
"ג‚¹51,990",24990.0,52%,1
ג‚¹510,335.0,34%,1
"ג‚¹52,900",30990.0,41%,1
ג‚¹535,535.0,0%,1
"ג‚¹54,990",32990.0,40%,1
ג‚¹549,128.31,77%,1
ג‚¹549,139.0,75%,1
ג‚¹549,399.0,27%,1
ג‚¹549,549.0,0%,1
ג‚¹550,299.0,46%,1
ג‚¹550,522.0,5%,1
"ג‚¹56,790",32990.0,42%,1
ג‚¹59,59.0,0%,1
"ג‚¹59,890",37247.0,38%,1
"ג‚¹59,900",14400.0,76%,1
"ג‚¹59,900",27900.0,53%,1
"ג‚¹59,999",42999.0,28%,1
ג‚¹590,289.0,51%,1
ג‚¹595,159.0,73%,1
ג‚¹595,229.0,62%,1
ג‚¹595,299.0,50%,1
ג‚¹599,89.0,85%,1
ג‚¹599,129.0,78%,1
ג‚¹599,150.0,75%,1
ג‚¹599,182.0,70%,1
ג‚¹599,185.0,69%,1
ג‚¹599,199.0,67%,1
ג‚¹599,204.0,66%,1
ג‚¹599,235.0,61%,1
ג‚¹599,239.0,60%,1
"ג‚¹1,295",587.0,55%,1
ג‚¹599,279.0,53%,1
ג‚¹599,295.0,51%,1
"ג‚¹1,295",719.0,44%,1
ג‚¹599,320.0,47%,1
"ג‚¹1,295",799.0,38%,1
ג‚¹599,350.0,42%,1
ג‚¹599,369.0,38%,1
ג‚¹599,416.0,31%,1
ג‚¹599,429.0,28%,1
ג‚¹599,449.0,25%,1
ג‚¹599,467.0,22%,1
ג‚¹599,479.0,20%,1
ג‚¹599,499.0,17%,1
"ג‚¹1,295",889.0,31%,1
"ג‚¹6,000",2464.0,59%,1
"ג‚¹6,000",3799.0,37%,1
"ג‚¹6,070",3645.0,40%,1
"ג‚¹6,100",3307.0,46%,1
"ג‚¹6,190",3600.0,42%,1
"ג‚¹1,295",1295.0,0%,1
"ג‚¹6,299",3249.0,48%,1
"ג‚¹6,355",5299.0,17%,1
"ג‚¹6,375",3249.0,49%,1
"ג‚¹6,499",2799.0,57%,1
"ג‚¹6,500",3299.0,49%,1
"ג‚¹6,700",2575.0,62%,1
"ג‚¹1,299",279.0,79%,1
"ג‚¹1,299",399.0,69%,1
"ג‚¹1,299",449.0,65%,1
"ג‚¹6,999",3179.0,55%,1
"ג‚¹6,999",3999.0,43%,1
"ג‚¹6,999",4999.0,29%,1
ג‚¹600,209.0,65%,1
ג‚¹600,246.0,59%,1
ג‚¹600,249.0,59%,1
ג‚¹600,480.0,20%,1
ג‚¹600,600.0,0%,1
ג‚¹625,499.0,20%,1
ג‚¹635,635.0,0%,1
ג‚¹640,510.0,20%,1
ג‚¹640,600.0,6%,1
ג‚¹649,249.0,62%,1
ג‚¹649,269.0,59%,1
"ג‚¹65,000",29990.0,54%,1
"ג‚¹65,000",37999.0,42%,1
ג‚¹650,269.0,59%,1
ג‚¹650,289.0,56%,1
ג‚¹650,299.0,54%,1
"ג‚¹1,299",474.0,64%,1
ג‚¹670,417.44,38%,1
ג‚¹670,649.0,3%,1
"ג‚¹69,900",45999.0,34%,1
"ג‚¹69,999",46999.0,33%,1
"ג‚¹69,999",61999.0,11%,1
"ג‚¹1,299",569.0,56%,1
ג‚¹699,134.0,81%,1
"ג‚¹1,299",699.0,46%,1
ג‚¹699,210.0,70%,1
ג‚¹699,238.0,66%,1
ג‚¹699,239.0,66%,1
ג‚¹699,259.0,63%,1
"ג‚¹1,299",749.0,42%,1
ג‚¹699,269.0,62%,1
ג‚¹699,279.0,60%,1
"ג‚¹1,299",1299.0,0%,1
"ג‚¹1,300",449.0,65%,1
ג‚¹699,337.0,52%,1
"ג‚¹1,300",649.0,50%,1
"ג‚¹1,300",929.0,29%,1
"ג‚¹1,339",749.0,44%,1
ג‚¹699,448.0,36%,1
ג‚¹699,478.0,32%,1
ג‚¹699,698.0,0%,1
"ג‚¹7,005",5899.0,16%,1
"ג‚¹7,200",5490.0,24%,1
"ג‚¹7,290",3599.0,51%,1
"ג‚¹7,299",3599.0,51%,1
"ג‚¹7,350",5599.0,24%,1
"ג‚¹7,445",5365.0,28%,1
"ג‚¹7,500",2299.0,69%,1
"ג‚¹7,506",5890.0,22%,1
"ג‚¹7,776",5865.0,25%,1
"ג‚¹7,795",3249.0,58%,1
"ג‚¹7,950",3599.0,55%,1
"ג‚¹7,990",1799.0,77%,1
"ג‚¹1,345",699.0,48%,1
"ג‚¹1,345",1043.0,22%,1
"ג‚¹7,990",2499.0,69%,1
"ג‚¹1,350",519.0,62%,1
"ג‚¹7,999",1199.0,85%,1
"ג‚¹1,39,900",77990.0,44%,1
"ג‚¹7,999",1999.0,75%,1
"ג‚¹7,999",4499.0,44%,1
"ג‚¹7,999",5799.0,28%,1
"ג‚¹7,999",5998.0,25%,1
"ג‚¹7,999",6499.0,19%,1
"ג‚¹7,999",7499.0,6%,1
"ג‚¹70,900",47990.0,32%,1
"ג‚¹1,390",629.0,55%,1
ג‚¹700,299.0,57%,1
ג‚¹700,369.0,47%,1
ג‚¹700,599.0,14%,1
ג‚¹720,539.0,25%,1
ג‚¹720,561.0,22%,1
ג‚¹723,596.0,18%,1
"ג‚¹74,999",37990.0,49%,1
ג‚¹747,688.0,8%,1
ג‚¹749,319.0,57%,1
ג‚¹75,67.0,11%,1
"ג‚¹75,990",42990.0,43%,1
"ג‚¹1,390",717.0,48%,1
ג‚¹758,439.0,42%,1
ג‚¹761,717.0,6%,1
ג‚¹775,499.0,36%,1
ג‚¹785,599.0,24%,1
ג‚¹79,79.0,0%,1
"ג‚¹79,990",47990.0,40%,1
ג‚¹795,399.0,50%,1
ג‚¹795,745.0,6%,1
ג‚¹798,299.0,63%,1
"ג‚¹1,395",979.0,30%,1
ג‚¹799,199.0,75%,1
ג‚¹799,249.0,69%,1
ג‚¹799,254.0,68%,1
"ג‚¹1,399",499.0,64%,1
ג‚¹799,320.0,60%,1
ג‚¹799,326.0,59%,1
ג‚¹799,349.0,56%,1
ג‚¹799,390.0,51%,1
"ג‚¹1,399",649.0,54%,1
ג‚¹799,457.0,43%,1
"ג‚¹1,400",309.0,78%,1
ג‚¹799,599.0,25%,1
"ג‚¹8,073",6120.0,24%,1
"ג‚¹8,478",6120.0,28%,1
"ג‚¹8,499",1999.0,76%,1
"ג‚¹8,499",6499.0,24%,1
"ג‚¹8,500",6499.0,24%,1
"ג‚¹8,820",6525.0,26%,1
"ג‚¹8,990",4789.0,47%,1
"ג‚¹8,995",6499.0,28%,1
"ג‚¹8,995",7799.0,13%,1
"ג‚¹8,995",8599.0,4%,1
"ג‚¹8,999",1499.0,83%,1
"ג‚¹8,999",4899.0,46%,1
"ג‚¹1,400",579.0,59%,1
ג‚¹800,89.0,89%,1
"ג‚¹1,400",625.0,55%,1
ג‚¹800,198.0,75%,1
"ג‚¹1,440",1180.0,18%,1
ג‚¹800,299.0,63%,1
ג‚¹800,449.0,44%,1
ג‚¹825,610.0,26%,1
ג‚¹825,825.0,0%,1
"ג‚¹1,445",749.0,48%,1
"ג‚¹1,490",455.0,69%,1
"ג‚¹85,000",54990.0,35%,1
ג‚¹850,699.0,18%,1
ג‚¹861,828.0,4%,1
ג‚¹875,775.0,11%,1
ג‚¹89,89.0,0%,1
ג‚¹895,599.0,33%,1
ג‚¹899,228.0,75%,1
"ג‚¹1,490",599.0,60%,1
"ג‚¹1,490",699.0,53%,1
"ג‚¹1,490",848.99,43%,1
ג‚¹899,351.0,61%,1
ג‚¹899,355.0,61%,1
ג‚¹899,397.0,56%,1
"ג‚¹1,490",999.0,33%,1
ג‚¹899,425.0,53%,1
"ג‚¹1,499",215.0,86%,1
"ג‚¹1,499",269.0,82%,1
ג‚¹899,753.0,16%,1
"ג‚¹9,455",3599.0,62%,1
"ג‚¹9,499",7499.0,21%,1
"ג‚¹9,625",8349.0,13%,1
"ג‚¹9,650",4999.0,48%,1
"ג‚¹9,990",6490.0,35%,1
"ג‚¹9,995",7199.0,28%,1
"ג‚¹9,995",8999.0,10%,1
"ג‚¹9,999",1499.0,85%,1
"ג‚¹1,499",279.0,81%,1
"ג‚¹1,499",314.0,79%,1
"ג‚¹1,499",469.0,69%,1
"ג‚¹1,499",499.0,67%,1
"ג‚¹1,499",529.0,65%,1
"ג‚¹9,999",3999.0,60%,1
"ג‚¹9,999",5499.0,45%,1
"ג‚¹1,499",549.0,63%,1
"ג‚¹9,999",6236.0,38%,1
"ג‚¹9,999",7915.0,21%,1
ג‚¹900,499.0,45%,1
ג‚¹919,379.0,59%,1
ג‚¹931,249.0,73%,1
ג‚¹940,499.0,47%,1
ג‚¹970,765.0,21%,1
ג‚¹975,949.0,3%,1
ג‚¹980,980.0,0%,1
ג‚¹99,89.0,10%,1
"ג‚¹1,499",637.0,58%,1
ג‚¹990,299.0,70%,1
ג‚¹990,599.0,39%,1
ג‚¹995,349.0,65%,1
ג‚¹995,399.0,60%,1
ג‚¹995,549.0,45%,1
ג‚¹995,699.0,30%,1
"ג‚¹1,499",656.0,56%,1
ג‚¹999,115.0,88%,1
"ג‚¹1,499",669.0,55%,1
ג‚¹999,129.0,87%,1
"ג‚¹1,499",678.0,55%,1
"ג‚¹1,499",697.0,54%,1
ג‚¹999,173.0,83%,1
"ג‚¹1,499",721.0,52%,1
ג‚¹999,218.0,78%,1
ג‚¹999,230.0,77%,1
"ג‚¹1,499",799.0,47%,1
ג‚¹999,251.0,75%,1
ג‚¹999,252.0,75%,1
ג‚¹999,259.0,74%,1
ג‚¹999,265.0,73%,1
ג‚¹999,273.1,73%,1
ג‚¹999,289.0,71%,1
ג‚¹999,298.0,70%,1
"ג‚¹1,499",849.0,43%,1
ג‚¹999,325.0,67%,1
"ג‚¹1,499",899.0,40%,1
"ג‚¹1,099",325.0,70%,1
"ג‚¹1,000",479.0,52%,1
"ג‚¹1,000",499.0,50%,1
"ג‚¹1,000",549.0,45%,1
"ג‚¹1,499",999.0,33%,1
"ג‚¹1,000",850.0,15%,1
"ג‚¹1,010",559.0,45%,1
"ג‚¹1,020",640.0,37%,1
"ג‚¹1,020",653.0,36%,1
"ג‚¹1,052",893.0,15%,1
"ג‚¹1,075",999.0,7%,1
"ג‚¹1,090",549.0,50%,1
"ג‚¹1,090",579.0,47%,1
"ג‚¹1,099",199.0,82%,1
"ג‚¹1,099",269.0,76%,1
"ג‚¹1,499",1149.0,23%,1
ג‚¹999,429.0,57%,1
"ג‚¹1,499",1199.0,20%,1
ג‚¹999,345.0,65%,1
ג‚¹999,347.0,65%,1
"ג‚¹1,499",1235.0,18%,1
ג‚¹999,351.0,65%,1
ג‚¹999,365.0,63%,1
ג‚¹999,375.0,62%,1
ג‚¹999,378.0,62%,1
"ג‚¹1,499",1289.0,14%,1
ג‚¹999,389.0,61%,1
"ג‚¹1,499",1499.0,0%,1
ג‚¹999,419.0,58%,1
ג‚¹999,425.0,57%,1
ג‚¹999,426.0,57%,1
"ג‚¹1,000",129.0,87%,1
